<?xml version="1.0" encoding="utf-8" standalone="yes"?>
<rss version="2.0" xmlns:atom="http://www.w3.org/2005/Atom">
  <channel>
    <title>Docs on What is Cloud Foundry?</title>
    <link>/what-is-cf/docs/</link>
    <description>Recent content in Docs on What is Cloud Foundry?</description>
    <generator>Hugo -- gohugo.io</generator>
    <language>en-us</language><atom:link href="/what-is-cf/docs/index.xml" rel="self" type="application/rss+xml" />
    <item>
      <title>What is Cloud Foundry?</title>
      <link>/what-is-cf/docs/what-is-cf/</link>
      <pubDate>Mon, 01 Jan 0001 00:00:00 +0000</pubDate>
      
      <guid>/what-is-cf/docs/what-is-cf/</guid>
      <description>Cloud Foundry is an opinionated application platform that brings efficiency, security, and speed to software development organizations. Cloud Foundry makes it faster and easier to build, test, deploy, and scale applications, providing a choice of the underlying infrastructure (including Kubernetes), developer frameworks, and application services.</description>
    </item>
    
    <item>
      <title>Capabilities</title>
      <link>/what-is-cf/docs/capabilities/</link>
      <pubDate>Mon, 01 Jan 0001 00:00:00 +0000</pubDate>
      
      <guid>/what-is-cf/docs/capabilities/</guid>
      <description>As highlighted in the last section, Cloud Foundry allows your organization to focus on the applications, not the platform. It removes the cost and complexity associated with configuring, managing, and securing infrastructure for your applications.</description>
    </item>
    
    <item>
      <title>Projects and Distributions</title>
      <link>/what-is-cf/docs/projects-and-distributions/</link>
      <pubDate>Mon, 01 Jan 0001 00:00:00 +0000</pubDate>
      
      <guid>/what-is-cf/docs/projects-and-distributions/</guid>
      <description>Cloud Foundry is a large, open-source project. The source code is available on GitHub. There are a few different organizations:
https://github.com/cloudfoundry: Core Cloud Foundry projects and components include all source code and documentation.</description>
    </item>
    
    <item>
      <title>Contributors and Members</title>
      <link>/what-is-cf/docs/contributors-and-members/</link>
      <pubDate>Mon, 01 Jan 0001 00:00:00 +0000</pubDate>
      
      <guid>/what-is-cf/docs/contributors-and-members/</guid>
      <description>Cloud Foundry is a rapidly evolving and growing ecosystem. It is no surprise that some of the largest companies and best minds in the world are actively driving the technology forward.</description>
    </item>
    
    <item>
      <title>Engaging</title>
      <link>/what-is-cf/docs/engaging/</link>
      <pubDate>Mon, 01 Jan 0001 00:00:00 +0000</pubDate>
      
      <guid>/what-is-cf/docs/engaging/</guid>
      <description>You don&amp;rsquo;t have to be a contributor or member to be part of the community (though you certainly can be!). The Cloud Foundry community is a vibrant, worldwide group driven by collaboration, inclusivity, compassion, transparency, and curiosity.</description>
    </item>
    
  </channel>
</rss>
